{"slope": 1.200000, "intercept": -2.000000}